{
  "tracker_right_map": 
  {
    "type": "container",
    "background": "#282828",
    "content": 
    {
      "type": "dock",
      "dropshadow": false,
      "content": 
      [
        {
          "type": "dock",
          "dock": "left",
          "v_alignment": "stretch",
          "margin": "0,0,3,0",
          "content": 
          [
            {
              "type": "group",
              "header": "Items",
              "dock": "top",
              "content": 
              {
                "type": "layout",
                "key": "item_grid_tall"
              }
            }
          ]
        }        
      ]
    }
  }
}