{
  "name": "TPR - Menou Trackers",
  "packages": [
    {
      "name": "TPR - French Community Settings",
      "author": "Menou & Lunar Soap",
      "game_name": "Twilight Princess",
      "flags": [
        "map"
      ],
      "version": "1.0",
      "uid": "tptracker_menou",
      "link": "https://github.com/Menoudb/TPFrenchCommunityTracker/blob/main/tptracker_menou.zip?raw=true",
      "documentation_url": "https://github.com/Menoudb/TPFrenchCommunityTracker/blob/main/README.md",
      "variants": [        
        {
          "name": "Map Tracker",
          "flags": [
            "map",
            "pins",
            "chathud"
          ]
        },
        {
          "name": "Map Tracker light",
          "flags": 
          [
            "map",
            "pins",
            "chathud"
          ]
        },
        {
          "name": "Item Tracker only",
          "flags": 
          [
            "chathud"
          ]
        },
      ]
    }
  ]
}