[
  {
    "name": "World",
    "chest_unopened_img": "images/chest_closed.png",
    "chest_opened_img": "images/chest_open.png",
    "children": [
      {
        "name": "Ordon Province",
        "color": "#18a50e",
        "children": [
          {
            "name": "Ordon Province",
            "children": [
              {
                "name": "Ordon Province - Ordon ranch",
                "sections": [
                  {
                    "name": "Herding Goats Reward",
                    "item_count": 1,
                    "chest_unopened_img": "images/HP.png",
                    "chest_opened_img": "images/HP_grey.png"
                  }
                ],
                "map_locations": [
                  {
                    "map": "Main",
                    "x": 675.96,
                    "y": 1127
                  }
                ]
              },
              {
                "name": "Ordon Province - Ordon ranch",
                "sections": [
                  {
                    "name": "Ordon Ranch Grotto Lantern Chest",
                    "access_rules": [
                      "shadcrystal,lantern"
                    ],
                    "item_count": 1
                  }
                ],
                "map_locations": [
                  {
                    "map": "Main",
                    "x": 651.96,
                    "y": 1127
                  }
                ]
              }
            ]
          }
        ]
      },
      {
        "name": "Faron Province",
        "color": "#18a50e",
        "children": [
          {
            "name": "South Faron Woods",
            "children": [
              {
                "name": "Faron Woods",
                "short_name": "Coro Bottle",
                "sections": [
                  {
                    "name": "Lantern",
                    "item_count": 0
                  },
				  {
                    "name": "Coro's Bottle",
                    "item_count": 1
                  }
                ],
                "map_locations": [
                  {
                    "map": "Main",
                    "x": 673.92,
                    "y": 913.5
                  }
                ]
              },
              {
                "name": "Faron Woods",
                "sections": [
                  {
                    "name": "South Faron Cave Small Chest",
                    "access_rules": [
                      ""
                    ],
                    "item_count": 1
                  }
                ],
                "map_locations": [
                  {
                    "map": "Main",
                    "x": 644.4,
                    "y": 897.5
                  }
                ]
              }
            ]
          },
          {
            "name": "Faron Woods - North Faron Woods",
            "children": [
              {
                "name": "Faron Woods",
                "short_name": "Faron Woods",
                "sections": [
                  {
                    "name": "Cave Small Chest",
                    "access_rules": [
                      "lantern"
                    ],
                    "item_count": 1

                  },
				  {
                    "name": "Cave Heart Piece Chest",
                    "access_rules": [
                      "lantern"
                    ],
                    "item_count": 1
                  }
                ],
                "map_locations": [
                  {
                    "map": "Main",
                    "x": 652,
                    "y": 851
                  }
                ]
              },
              {
                "name": "Faron Woods",
                "sections": [
                  {
                    "name": "North Faron Woods Deku Baba Chest",
                    "access_rules": [
                      ""
                    ],
                    "item_count": 1
                  }
                ],
                "map_locations": [
                  {
                    "map": "Main",
                    "x": 570,
                    "y": 865
                  }
                ]
              },
              {
                "name": "Faron Woods - Mist",
                "sections": [
                  {
                    "name": "North Chest",
                    "access_rules": [
                      "lantern"
                    ],
                    "item_count": 1
                  },
				  {
                    "name": "Stump Chest",
                    "access_rules": [
                      "lantern"
                    ],
                    "item_count": 1
                  },
				  {
                    "name": "South Chest",
                    "access_rules": [
                      "lantern"
                    ],
                    "item_count": 1
                  }
                ],
                "map_locations": [
                  {
                    "map": "Main",
                    "x": 616,
                    "y": 868
                  }
                ]
              },
              {
                "name": "Faron Woods - Owl Statue",
                "sections": [
                  {
                    "name": "Skybook Letter",
                    "access_rules": [
                      "$can_smash,dominion"
                    ],
                    "item_count": 1
                  },
				  {
                    "name": "Owl Statue Chest",
                    "access_rules": [
                      "$can_smash,dominion,shadcrystal"
                    ],
                    "item_count": 1
                  }
                ],
                "map_locations": [
                  {
                    "map": "Main",
                    "x": 650,
                    "y": 873
                  }
                ]
              }
            ]
          },
          {
            "name": "Sacred Grove & Lost Woods",
            "children": [
              {
                "name": "Sacred Grove & Lost Woods - Master Sword",
                "short_name": "Master Sword",
                "sections": [
                  {
                    "name": "Master Sword",
                    "access_rules": [
                      "shad3"
                    ],
                    "item_count": 0
                  },
                  {
                    "name": "Sacred Grove & Lost Woods - Shadow Crystal",
                    "access_rules": [
                      "shad3",
                      "shadowcrystal"
                    ],
                    "item_count": 0
                  }
                ],
                "map_locations": [
                  {
                    "map": "Main",
                    "x": 525.4,
                    "y": 821
                  }
                ]
              },
              {
                "name": "Sacred Grove & Lost Woods",
                "sections": [
                  {
                    "name": "Sacred Grove Temple of Time Owl Statue Poe",
                    "access_rules": [
                      "shadcrystal,brokedominion"
                    ],
                    "item_count": 1
                  },
                  {
                    "name": "Female Snail",
                    "access_rules": [
                      "shadcrystal, cs",
                      "shadcrystal, dcs",
                      "shadcrystal, rang"
        
                    ],
                    "item_count": 1,
                    "chest_unopened_img": "images/Golden_Bug.png",
                    "chest_opened_img": "images/Golden_Bug-grey.png"
                  }, 
                  {
                    "name": "Male Snail",
                    "access_rules": [
                      "shadcrystal, cs",
                      "shadcrystal, dcs",
                      "shadcrystal, rang"
                    ],
                    "item_count": 1,
                    "chest_unopened_img": "images/Golden_Bug.png",
                    "chest_opened_img": "images/Golden_Bug-grey.png"
                  }
                ],
                "map_locations": [
                  {
                    "map": "Main",
                    "x": 540.96,
                    "y": 861
                  }
                ]
              },
              {
                "name": "Sacred Grove & Lost Woods",
                "sections": [
                  {
                    "name": "Sacred Grove Baba Serpent Grotto Chest",
                    "access_rules": [
                      "shadcrystal,$can_smash"
                    ],
                    "item_count": 1
                  } 
                  
                ],
                "map_locations": [
                  {
                    "map": "Main",
                    "x": 505.92,
                    "y": 861
                  }
                ]
              }
            ]
          }
        ]
      },
      {
        "name": "Sacred Grove & Lost Woods",
        "sections": [
          {
            "name": "Sacred Grove & Lost Woods - Lost Woods Lantern Chest",
            "access_rules": [
              "lantern"
            ],
            "item_count": 1
          },
		  {
            "name": "Sacred Grove & Lost Woods - Sacred Grove Spinner Chest",
            "access_rules": [
              "spinner"
            ],
            "item_count": 1
          }
        ],
        "map_locations": [
          {
            "map": "Main",
            "x": 525,
            "y": 880
          }
        ]
      },
      {
        "name": "Faron Field",
        "sections": [
          {
            "name": "Faron Field Bridge Chest",
            "access_rules": [
              "cs"
            ],
            "item_count": 1
          }
        ],
        "map_locations": [
          {
            "map": "Main",
            "x": 655,
            "y": 740
          }
        ]
      },
      {
        "name": "Faron Field",
        "sections": [
          {
            "name": "Faron Field Tree Heart Piece",
            "access_rules": [
              "rang",
              "cs"
            ],
            "item_count": 1
          }
        ],
        "map_locations": [
          {
            "map": "Main",
            "x": 665,
            "y": 760
          }
        ]
      },
      {
        "name": "Faron Field",
        "sections": [
          {
            "name": "Faron Field Corner Grotto",
            "access_rules": [
              "shadcrystal"
            ],
            "item_count": 3
          }
        ],
        "map_locations": [
          {
            "map": "Main",
            "x": 695,
            "y": 810
          }
        ]
      },
      {
        "name": "Faron Field",
        "sections": [
          {
            "name": "Male Bettle",
            "access_rules": [
              ""
            ],
            "item_count": 1,
            "chest_unopened_img": "images/Golden_Bug.png",
            "chest_opened_img": "images/Golden_Bug-grey.png"
            
          }
        ],
        "map_locations": [
          {
            "map": "Main",
            "x": 643,
            "y": 777
          }
        ]
      },
      {
        "name": "Faron Field",
        "sections": [
          {
            "name": "Female Bettle",
            "access_rules": [
              "rang",
              "cs",
              "dcs"
            ],
            "item_count": 1,
            "chest_unopened_img": "images/Golden_Bug.png",
            "chest_opened_img": "images/Golden_Bug-grey.png"
          }
        ],
        "map_locations": [
          {
            "map": "Main",
            "x": 688,
            "y": 734
          }
        ]
      },
      {
        "name": "Death Mountain",
        "children": [
          {
            "name": "Death Mountain",
            "short_name": "Alcove Chest",
            "sections": [
              {
                "name": "Death Mountain Alcove Chest",
                "access_rules": [
		     "cs"
                ],
                "item_count": 1
              }
            ],
            "map_locations": [
              {
                "map": "Main",
                "x": 1029.96,
                "y": 516
              }
            ]
          }
        ]
      },
      {
        "name": "Eldin Province",
        "children": [
          {
            "name": "Eldin Field",
            "color": "#09a09d",
            "children": [
              {
                "name": "Eldin Field",
                "color": "#18a50e",
                "sections": [
                  {
                    "name": "Bomb Rock Chest",
                    "access_rules": [
                      "$can_smash"
                    ],
                    "item_count": 1
                  }
                ],
                "map_locations": [
                  {
                    "map": "Main",
                    "x": 862.92,
                    "y": 544
                  }
                ]
              }
            ]
          }
        ]
      },
      {
        "name": "Eldin Field",
        "sections": [
          {
            "name": "Male Grasshopper",
            "access_rules": [
              ""
            ],
            "item_count": 1,
            "chest_unopened_img": "images/Golden_Bug.png",
            "chest_opened_img": "images/Golden_Bug-grey.png"
          }
        ],
        "map_locations": [
          {
            "map": "Main",
            "x": 895,
            "y": 510
          }
        ]
      },
      {
        "name": "Eldin Field",
        "sections": [
          {
            "name": "Female Grasshopper",
            "access_rules": [
              ""
            ],
            "item_count": 1,
            "chest_unopened_img": "images/Golden_Bug.png",
            "chest_opened_img": "images/Golden_Bug-grey.png"
          }
        ],
        "map_locations": [
          {
            "map": "Main",
            "x": 800,
            "y": 432
          }
        ]
      },
      {
        "name": "Kakariko Gorge",
        "sections": [
          {
            "name": "Kakariko Gorge Double Clawshot Chest",
            "access_rules": [
              "dcs"
            ],
            "item_count": 1
          },
		  {
            "name": "Kakariko Gorge Spire Heart Piece",
            "access_rules": [
              "rang",
              "cs"
            ],
            "item_count": 1
          }
        ],
        "map_locations": [
          {
            "map": "Main",
            "x": 742,
            "y": 653
          }
        ]
      },
      {
        "name": "Kakariko Gorge",
        "sections": [
          {
            "name": "Kakariko Gorge Owl Statue Sky Character",
            "access_rules": [
              "dominion"
            ],
            "item_count": 1
          },
		  {
            "name": "Kakariko Gorge Owl Statue Chest",
            "access_rules": [
              "dominion"
            ],
            "item_count": 1
          }
        ],
        "map_locations": [
          {
            "map": "Main",
            "x": 790,
            "y": 610
          }
        ]
      },
      {
        "name": "Kakariko Gorge",
        "sections": [
          {
            "name": "Male Pill Bug",
            "access_rules": [
              ""
            ],
            "item_count": 1,
            "chest_unopened_img": "images/Golden_Bug.png",
            "chest_opened_img": "images/Golden_Bug-grey.png"
          }
        ],
        "map_locations": [
          {
            "map": "Main",
            "x": 780,
            "y": 670
          }
        ]
      },
      {
        "name": "Kakariko Gorge",
        "sections": [
          {
            "name": "Female Pill Bug",
            "access_rules": [
              ""
            ],
            "item_count": 1,
            "chest_unopened_img": "images/Golden_Bug.png",
            "chest_opened_img": "images/Golden_Bug-grey.png"
          }
        ],
        "map_locations": [
          {
            "map": "Main",
            "x": 818,
            "y": 682
          }
        ]
      },
	  {
    "name": "Eldin Field",
	"parent": "Eldin Province",
	"chest_unopened_img": "images/chest_closed.png",
	"chest_opened_img": "images/chest_opened_img.png",
	"sections": 
	[
	  {
	    "name": "Bomskit Grotto Left Chest",
		"item_count": 1,
		"access_rules": [
		  "shadcrystal"
		]
	  },
	  {
	    "name": "Bomskit Grotto Lantern Chest",
		"item_count": 1,
		"access_rules": [
		  "shadcrystal,lantern"
		]
	  }
	],
	"map_locations": [
	  {
	    "map": "Main",
		"x": 820,
		"y": 495
	  }
	]
  },
      {
        "name": "Eldin Field",
        "sections": [
          {
            "name": "Water Bomb Fish Grotto Chest",
            "access_rules": [
              "shadcrystal"
            ],
            "item_count": 1
          }
        ],
        "map_locations": [
          {
            "map": "Main",
            "x": 930,
            "y": 430
          }
        ]
      },
      {
        "name": "Eldin Field",
        "sections": [
          {
            "name": "Skybook Letter",
            "access_rules": [
              "dominion"
            ],
            "item_count": 1
          }
        ],
        "map_locations": [
          {
            "map": "Main",
            "x": 935,
            "y": 350
          }
        ]
      },
      {
        "name": "Eldin Field",
        "sections": [
          {
            "name": "Owl Statue Chest",
            "access_rules": [
              "dominion,shadcrystal"
            ],
            "item_count": 1
          }, 
          {
            "name": "Male Phasmid",
            "access_rules": [
              "rang",
              "cs",
              "dcs"
            ],
            "item_count": 1,
            "chest_unopened_img": "images/Golden_Bug.png",
            "chest_opened_img": "images/Golden_Bug-grey.png"
          }
        ],
        "map_locations": [
          {
            "map": "Main",
            "x": 935,
            "y": 410
          }
        ]
      },
      {
        "name": "Eldin Field",
        "sections": [
          {
            "name": "Goron Springwater Rush",
            "access_rules": [
              ""
            ],
            "item_count": 1
          }
        ],
        "map_locations": [
          {
            "map": "Main",
            "x": 700,
            "y": 510
          }
        ]
      },
      {
        "name": "Northeast Hyrule Field",
        "sections": [
          {
            "name": "Stalfos Grotto Small Chests",
            "access_rules": [
              "spinner,shadcrystal"
            ],
            "item_count": 2
          },
		  {
            "name": "Stalfos Grotto Stalfos Chest",
            "access_rules": [
              "spinner,shadcrystal,$can_smash"
            ],
            "item_count": 1
          }
        ],
        "map_locations": [
          {
            "map": "Main",
            "x": 898,
            "y": 235
          }
        ]
      },
      {
        "name": "Northeast Hyrule Field",
        "chest_unopened_img": "images/chest_closed.png",
        "chest_opened_img": "images/chest_open.png",
        "access_rules": [
          "cs"
        ],
        "sections": [
          {
            "name": "Stockcave Upper Chest",
            "access_rules": [
              "cs,irons"
            ],
            "item_count": 1
          },
          {
            "name": "Stockcave Lantern Chest",
            "access_rules": [
              "cs,irons, lantern"
            ],
            "item_count": 1
          },
          {
            "name": "Stockcave Lowest Chest",
            "access_rules": [
              "cs,irons"
            ],
            "item_count": 1
          }, 
          {
            "name": "Female Phasmid",
            "access_rules": [
              "cs",
              "boomerang"
            ],
            "item_count": 1,
            "chest_unopened_img": "images/Golden_Bug.png",
            "chest_opened_img": "images/Golden_Bug-grey.png"
          }
        ],
        "map_locations": [
          {
            "map": "Main",
            "x": 972,
            "y": 345
          }
        ]
      },
      {
        "name": "Hidden Village",
        "sections": [
          {
            "name": "Hidden Village Skybook",
            "access_rules": [
              "dominion,shard3"
            ],
            "item_count": 0
          },
		  {
            "name": "Hidden Village Ilia Charm",
            "access_rules": [
              "statue,shard3"
            ],
            "item_count": 0
          },
		  {
            "name": "Hide and Seek",
            "access_rules": [
              "invoice,shard3"
            ],
            "item_count": 0
          }
        ],
        "map_locations": [
          {
            "map": "Main",
            "x": 852,
            "y": 301
          }
        ]
      },
      {
        "name": "Snowpeak Province",
        "children": [
          {
            "name": "Snowpeak Mountains",
            "color": "#09a09d",
            "children": [
              {
                "name": "Snowpeak Province",
                "color": "#18a50e",
                "sections": [
                  {
                    "name": "Ashei Sketch",
                    "access_rules": [
                      "gate"
                    ],
                    "item_count": 1
                  }
                ],
                "map_locations": [
                  {
                    "map": "Main",
                    "x": 605.16,
                    "y": 138.25
                  }
                ]
              }
            ]
          }
        ]
      },
      {
        "name": "Snowpeak Province",
        "sections": [
          {
            "name": "Freezard Grotto Chest",
            "access_rules": [
              "shadcrystal,chainball,earring"
            ],
            "item_count": 1
          }
        ],
        "map_locations": [
          {
            "map": "Main",
            "x": 515,
            "y": 110
          }
        ]
      },
      {
        "name": "Snowpeak Province",
        "sections": [
          {
            "name": "Cave Ice Lantern Chest",
            "access_rules": [
              "shadcrystal,lantern,chainball,earring"
            ],
            "item_count": 1
          }
        ],
        "map_locations": [
          {
            "map": "Main",
            "x": 450,
            "y": 140
          }
        ]
      },
      {
        "name": "Snowpeak Province",
        "sections": [
          {
            "name": "Snowboard Racing",
            "access_rules": [
              "ruins"
            ],
            "item_count": 1
          }
        ],
        "map_locations": [
          {
            "map": "Main",
            "x": 430,
            "y": 140
          }
        ]
      },
      {
        "name": "Lanayru Province",
        "children": [
          {
            "name": "Zora's Domain",
            "color": "#09a09d",
            "children": [
              {
                "name": "Zora's Domain",
                "color": "#18a50e",
                "sections": [
                  {
                    "name": "Chest Under Waterfall",
                    "access_rules": [
                      "shadcrystal,$can_smash",
                      "shadcrystal,gate"
                    ],
                    "item_count": 1
                  }
                ],
                "map_locations": [
                  {
                    "map": "Main",
                    "x": 665.16,
                    "y": 132
                  }
                ]
              },
              {
                "name": "Zora's Domain",
                "color": "#18a50e",
                "sections": [
                  {
                    "name": "Chest By Mother and Child Isles",
                    "access_rules": [
                      "shadcrystal,$can_smash",
                      "shadcrystal,gate"
                    ],
                    "item_count": 1
                  }, 
                  {
                    "name": "Male Dragonfly",
                    "access_rules": [
                      "shadcrystal, gate",
                      "shadcrystal, $can_smash"
        
                    ],
                    "item_count": 1,
                    "chest_unopened_img": "images/Golden_Bug.png",
                    "chest_opened_img": "images/Golden_Bug-grey.png"
                  }
                ],
                "map_locations": [
                  {
                    "map": "Main",
                    "x": 674.76,
                    "y": 153
                  }
                ]
              }
            ]
          },
          {
            "name": "Zora's Domain",
            "sections": [
              {
                "name": "Underwater Chest - Light all 3 Torches",
                "access_rules": [
                  "lantern,irons,shadcrystal",
                  "lantern,irons,$can_smash",
                  "lantern,irons,gate"
                ],
                "item_count": 1
              },
			  {
                "name": "Underwater Chest - Extinguish all 3 Torches",
                "access_rules": [
                  "rang,irons,shadcrystal",
                  "rang,irons,$can_smash",
                  "rang,irons,gate"
                ],
                "item_count": 1
              },
			  {
                "name": "Goron in Lava Rock (Waterbombs)",
                "access_rules": [
                  "$has_explosives,irons,zoratunic"
                ],
                "item_count": 1
              }
            ],
            "map_locations": [
              {
                "map": "Main",
                "x": 655,
                "y": 86
              }
            ]
          },
          {
            "name": "Upper Zora's River",
            "sections": [
              {
                "name": "Fishing Hole Heart Piece (Clawshot can help)",
                "access_rules": [
                  "$can_smash", 
                  "gate" 
                ],
                "item_count": 1
              }
            ],
            "map_locations": [
              {
                "map": "Main",
                "x": 760,
                "y": 110
              }
            ]
          },
          {
            "name": "Upper Zora's River",
            "sections": [
              {
                "name": "Fishing Hole Bottle",
                "access_rules": [
                  "$can_smash, rod",
                  "gate, rod"
                ],
                "item_count": 1
              }
            ],
            "map_locations": [
              {
                "map": "Main",
                "x": 780,
                "y": 110
              }
            ]
          },
          
          {
            "name": "Upper Zora's River",
            "sections": [
              {
                "name": "Plumm Fruit Balloon Minigame",
                "access_rules": [
                  "shadcrystal,gate",
                  "shadcrystal,$can_smash"
                ],
                "item_count": 1
              }
            ],
            "map_locations": [
              {
                "map": "Main",
                //upper river location
                //"x": 770,
                //"y": 170
                "x": 559,
                "y": 633

              }
            ]
          },
          {
            "name": "Upper Zora's River",
            "sections": [
              {
                "name": "Female Dragonfly",
                "access_rules": [
                  "$can_smash,shadcrystal,cs",
                  "$can_smash,shadcrystal,dcs",
                  "$can_smash,shadcrystal,rang",
                  "gate,shadcrystal,cs",
                  "gate,shadcrystal,dcs",
                  "gate,shadcrystal,rang"
    
                ],
                "item_count": 1,
                "chest_unopened_img": "images/Golden_Bug.png",
                "chest_opened_img": "images/Golden_Bug-grey.png"
              }
            ],
            "map_locations": [
              {
                "map": "Main",
                "x": 786,
                "y": 150
              }
            ]
          },
          {
            "name": "Lanayru Field",
            "sections": [
              {
                "name": "Skulltula Grotto Chest",
                "access_rules": [
                  "lantern,shadcrystal, gate",
                  "lantern,shadcrystal, $can_smash"
                ],
                "item_count": 1
              }
            ],
            "map_locations": [
              {
                "map": "Main",
                "x": 645,
                "y": 310
              }
            ]
          },
          {
            "name": "Lanayru Field",
            "sections": [
              {
                "name": "Ice Block Puzzle Cave Chest",
                "access_rules": [
                  "chainball"
                ],
                "item_count": 1
              }
            ],
            "map_locations": [
              {
                "map": "Main",
                "x": 635,
                "y": 290
              }
            ]
          },
          {
            "name": "Lanayru Field",
            "sections": [
              {
                "name": "Female Stag Beetle",
                "access_rules": [
                  "rang, gate",
                  "rang, $can_smash",
                  "cs, gate", 
                  "cs, $can_smash",
                  "dcs, gate", 
                  "dcs, $can_smash"
                ],
                "item_count": 1,
                "chest_unopened_img": "images/Golden_Bug.png",
                "chest_opened_img": "images/Golden_Bug-grey.png"
              }
            ],
            "map_locations": [
              {
                "map": "Main",
                "x": 618,
                "y": 290
              }
            ]
          },
          {
            "name": "Lanayru Field",
            "sections": [
              {
                "name": "Male Stag Beetle",
                "access_rules": [
                  "rang, gate",
                  "rang, $can_smash",
                  "cs, gate", 
                  "cs, $can_smash",
                  "dcs, gate", 
                  "dcs, $can_smash"
                ],
                "item_count": 1,
                "chest_unopened_img": "images/Golden_Bug.png",
                "chest_opened_img": "images/Golden_Bug-grey.png"
              }
            ],
            "map_locations": [
              {
                "map": "Main",
                "x": 607,
                "y": 350
              }
            ]
          },
          {
            "name": "Lanayru Field",
            "sections": [
              {
                "name": " Behind Gate Underwater Chest",
                "access_rules": [
                  "irons, $can_smash",
                  "irons, gate"
                ],
                "item_count": 1
              }
            ],
            "map_locations": [
              {
                "map": "Main",
                "x": 645,
                "y": 380
              }
            ]
          },
          {
            "name": "Lake Hylia",
            "color": "#09a09d",
            "children": [
              {
                "name": "Lake Hylia",
                "color": "#18a50e",
                "sections": [
                  {
                    "name": "Underwater Chest",
                    "access_rules": [
                  "irons, $can_smash",
                  "irons, gate"
                    ],
                    "item_count": 1
                  }
                ],
                "map_locations": [
                  {
                    "map": "Main",
                    "x": 478.2,
                    "y": 665.75
                  }
                ]
              },
              {
                "name": "Lake Hylia",
                "color": "#18a50e",
                "sections": [
                  {
                    "name": "Water Toadpoli Grotto Chest",
                    "access_rules": [
                      "shadcrystal,gate"
                    ],
                    "item_count": 1
                  }
                ],
                "map_locations": [
                  {
                    "map": "Main",
                    "x": 467.4,
                    "y": 690.75
                  }
                ]
              },
              {
                "name": "Lake Hylia",
                "color": "#18a50e",
                "sections": [
                  {
                    "name": "Left Statue Chest",
                    "access_rules": [
                  "$can_smash",
                  "gate"
                    ],
                    "item_count": 1
                  }
                ],
                "map_locations": [
                  {
                    "map": "Main",
                    "x": 499.6,
                    "y": 634.5
                  }
                ]
              },
              {
                "name": "Lake Hylia",
                "color": "#18a50e",
                "sections": [
                  {
                    "name": "Right Statue Chest",
                    "access_rules": [
                  "$can_smash",
                  "gate"
                    ],
                    "item_count": 1
                  }
                ],
                "map_locations": [
                  {
                    "map": "Main",
                    "x": 519.6,
                    "y": 634.5
                  }
                ]
              },
              {
                "name": "Lake Hylia",
                "color": "#18a50e",
                "sections": [
                  {
                    "name": "Flight By Fowl",
                    "access_rules": [
                  "$can_smash",
                  "gate"
                    ],
                    "item_count": 5
                  }
                ],
                "map_locations": [
                  {
                    "map": "Main",
                    "x": 522,
                    "y": 600
                  }
                ]
              },
              {
                "name": "Lake Hylia",
                "color": "#18a50e",
                "sections": [
                  {
                    "name": "Shell Blade Grotto Chest",
                    "access_rules": [
                  "$has_explosives",
                  "gate, irons, sword1"
                    ],
                    "item_count": 1

                  }
                ],
                "map_locations": [
                  {
                    "map": "Main",
                    "x": 460.92,
                    "y": 574
                  }
                ]
              }
            ]
          },
          {
            "name": "Lake Hylia",
            "sections": [
              {
                "name": "Iza Helping Hand",
                "access_rules": [
                  "bow,$can_smash",
                  "bow,gate"
                ],
                "item_count": 1
              },
			  {
                "name": "Iza Raging Rapids Minigame",
                "access_rules": [
                  "bow,$can_smash",
                  "bow,gate"
                ],
                "item_count": 0
              }
            ],
            "map_locations": [
              {
                "map": "Main",
                //Lake Hylia location
                //"x": 559,
                //"y": 633
                "x": 786,
                "y": 169
              }
            ]
          },

{
                "name": "Lake Hylia",
                "color": "#18a50e",
                "sections": [
                  {
                    "name": "Auru Gift To Fyer",
                    "access_rules": [
                  "$can_smash",
                  "gate"
                    ],
                    "item_count": 1
                  }
                ],
                "map_locations": [
                  {
                    "map": "Main",
                    "x": 409,
                    "y": 664
                  }
                ]
              },
          {
            "name": "Outside West Castle Town",
            "color": "#09a09d",
            "children": [
              {
                "name": "Outside West Castle Town",
                "color": "#18a50e",
                "sections": [
                  {
                    "name": "Helmasaur Grotto Chest",
                    "access_rules": [
                      "shadcrystal,cs,gate",
                      "shadcrystal,cs,$can_smash"
                    ],
                    "item_count": 1
                  }, 
                  {
                    "name": "Female Butterfly",
                    "access_rules": [
                      "rang, gate",
                      "rang, $can_smash",
                      "cs, gate", 
                      "cs, $can_smash",
                      "dcs, gate", 
                      "dcs, $can_smash"
                    ],
                    "item_count": 1,
                    "chest_unopened_img": "images/Golden_Bug.png",
                    "chest_opened_img": "images/Golden_Bug-grey.png"
                  }
                ],
                "map_locations": [
                  {
                    "map": "Main",
                    "x": 543,
                    "y": 481
                  }
                ]
              }, 
              {
                "name": "Outside West Castle Town",
                "sections": [
                  {
                    "name": "Male Butterfly",
                    "access_rules": [
                      "gate",
                      "$can_smash"
                    ],
                    "item_count": 1,
                    "chest_unopened_img": "images/Golden_Bug.png",
                    "chest_opened_img": "images/Golden_Bug-grey.png"
                  }
                ],
                "map_locations": [
                  {
                    "map": "Main",
                    "x": 559,
                    "y": 528
                  }
                ]
              }
            ]
          }
        ]
      },
      {
        "name": "Lanayru Field",
        "sections": [
          {
            "name": "Spinner Track Chest",
            "access_rules": [
              "spinner,$can_smash"
            ],
            "item_count": 1
          }
        ],
        "map_locations": [
          {
            "map": "Main",
            "x": 500,
            "y": 475
          }
        ]
      },
      {
        "name": "Great Bridge of Hylia",
        "sections": [
          {
            "name": "Bridge Vines Chest",
            "access_rules": [
              "cs, gate", 
              "cs, $can_smash"
            ],
            "item_count": 1
          }, 
          {
            "name": "Male Mantis",
            "access_rules": [
              "rang, gate",
              "rang, $can_smash",
              "cs, gate", 
              "cs, $can_smash",
              "dcs, gate", 
              "dcs, $can_smash"
            ],
            "item_count": 1,
            "chest_unopened_img": "images/Golden_Bug.png",
            "chest_opened_img": "images/Golden_Bug-grey.png"
          }
        ],
        "map_locations": [
          {
            "map": "Main",
            "x": 495,
            "y": 570
          }
        ]
      },
      {
        "name": "Great Bridge of Hylia",
        "sections": [
          {
            "name": "Female Mantis",
            "access_rules": [
              "rang, gate",
              "rang, $can_smash",
              "cs, gate", 
              "cs, $can_smash",
              "dcs, gate", 
              "dcs, $can_smash"
            ],
            "item_count": 1,
            "chest_unopened_img": "images/Golden_Bug.png",
            "chest_opened_img": "images/Golden_Bug-grey.png"
          }
        ],
        "map_locations": [
          {
            "map": "Main",
            "x": 513,
            "y": 677
          }
        ]
      },
      {
        "name": "Great Bridge of Hylia",
        "sections": [
          {
            "name": "Bubble Grotto Chest",
            "access_rules": [
              "$shoot_pew,cs,shadcrystal, $can_smash",
              "$shoot_pew,cs,shadcrystal, gate"
            ],
            "item_count": 1
          },
		  {
            "name": "Cliff Chest",
            "access_rules": [
              "$shoot_pew,cs,$can_smash",
              "$shoot_pew,cs,gate"
            ],
            "item_count": 1
          }
        ],
        "map_locations": [
          {
            "map": "Main",
            "x": 533,
            "y": 699
          }
        ]
      },
      {
        "name": "Great Bridge of Hylia",
        "sections": [
          {
            "name": "Owl Statue Sky Character",
            "access_rules": [
              "dominion,cs,$can_smash",
              "dominion,cs,gate"
            ],
            "item_count": 1
          },
		  {
            "name": "Owl Statue Chest",
            "access_rules": [
              "dominion,cs,$can_smash",
              "dominion,cs,gate"
            ],
            "item_count": 1
          }
        ],
        "map_locations": [
          {
            "map": "Main",
            "x": 495,
            "y": 540
          }
        ]
      },
      {
        "name": "Outside West Castle Town",
        "sections": [
          {
            "name": "Skybook Letter",
            "access_rules": [
              "dominion, $can_smash",
              "dominion, gate"
            ],
            "item_count": 1
          },
		  {
            "name": "Owl Statue Chest",
            "access_rules": [
              "dominion, $can_smash",
              "dominion, gate"
            ],
            "item_count": 1
          }
        ],
        "map_locations": [
          {
            "map": "Main",
            "x": 541,
            "y": 543
          }
        ]
      },
      {
        "name": "Outside South Castle Town",
        "sections": [
          {
            "name": "Fountain Chest",
            "access_rules": [
              "cs,spinner,$can_smash",
              "cs,spinner,gate"
            ],
            "item_count": 1
          },
		  {
            "name": "Tightrope Chest",
            "access_rules": [
              "cs,shadcrystal, $can_smash",
              "cs,shadcrystal, gate"
            ],
            "item_count": 1
          },
          {
            "name": "Female Ladybug",
            "access_rules": [
              "gate",
              "$can_smash"
            ],
            "item_count": 1,
            "chest_unopened_img": "images/Golden_Bug.png",
            "chest_opened_img": "images/Golden_Bug-grey.png"
          },
		  {
            "name": "Wooden Statue",
            "access_rules": [
              "invoice"
            ],
            "item_count": 0
          }
        ],
        "map_locations": [
          {
            "map": "Main",
            "x": 640,
            "y": 570
          }
        ]
      },
      {
        "name": "Outside South Castle Town",
        "sections": [
          {
            "name": "Double Clawshot Chasm Chest",
            "access_rules": [
              "dcs, gate",
              "dcs, $can_smash"
            ],
            "item_count": 1
          }
        ],
        "map_locations": [
          {
            "map": "Main",
            "x": 620,
            "y": 580
          }
        ]
      },
      {
        "name": "Outside South Castle Town",
        "sections": [
          {
            "name": "Tektite Grotto Chest",
            "access_rules": [
              "shadcrystal, gate",
              "shadcrystal, $can_smash "
            ],
            "item_count": 1
          }, 
          {
            "name": "Male Ladybug",
            "access_rules": [
              "gate",
              "$can_smash"
            ],
            "item_count": 1,
            "chest_unopened_img": "images/Golden_Bug.png",
            "chest_opened_img": "images/Golden_Bug-grey.png"
          }
        ],
        "map_locations": [
          {
            "map": "Main",
            "x": 660,
            "y": 580
          }
        ]
      },
      {
        "name": "Gerudo Desert",
        "sections": [
          {
            "name": "Skulltula Grotto Chest",
            "access_rules": [
              "shadcrystal, auru"
            ],
            "item_count": 1
          }
        ],
        "map_locations": [
          {
            "map": "Main",
            "x": 400,
            "y": 750
          }
        ]
      },
      {
        "name": "Gerudo Desert",
        "sections": [
          {
            "name": "East Canyon Chest",
            "access_rules": [
              "shadcrystal, auru"

            ],
            "item_count": 1
          }
        ],
        "map_locations": [
          {
            "map": "Main",
            "x": 350,
            "y": 710
          }
        ]
      },
      {
        "name": "Gerudo Desert",
        "sections": [
          {
            "name": "Peahat Ledge Chest",
            "access_rules": [
              "shadcrystal,auru,cs",
              "shadcrystal,auru,dcs"
            ],
            "item_count": 1
          }
        ],
        "map_locations": [
          {
            "map": "Main",
            "x": 340,
            "y": 750
          }
        ]
      },
      {
        "name": "Gerudo Desert",
        "sections": [
          {
            "name": "Lone Small Chest",
            "access_rules": [
              "shadcrystal, auru"
            ],
            "item_count": 1
          }
        ],
        "map_locations": [
          {
            "map": "Main",
            "x": 270,
            "y": 720
          }
        ]
      },
      {
        "name": "Gerudo Desert",
        "sections": [
          {
            "name": "South Chest Behind Wooden Gates",
            "access_rules": [
              "shadcrystal, auru"
            ],
            "item_count": 1
          }
        ],
        "map_locations": [
          {
            "map": "Main",
            "x": 320,
            "y": 760
          }
        ]
      },
      {
        "name": "Gerudo Desert",
        "sections": [
          {
            "name": "Owl Statue Sky Character",
            "access_rules": [
              "dominion,shadcrystal, auru"
            ],
            "item_count": 1
          },
		  {
            "name": "Owl Statue Chest",
            "access_rules": [
              "dominion,shadcrystal, auru"
            ],
            "item_count": 1
          }
        ],
        "map_locations": [
          {
            "map": "Main",
            "x": 250,
            "y": 755
          }
        ]
      },
      {
        "name": "Gerudo Desert",
        "sections": [
          {
            "name": "West Canyon Chest",
            "access_rules": [
              "shadcrystal,cs, auru",
              "shadcrystal,dcs, auru"
            ],
            "item_count": 1
          }
        ],
        "map_locations": [
          {
            "map": "Main",
            "x": 185,
            "y": 720
          }
        ]
      },
      {
        "name": "Gerudo Desert",
        "sections": [
          {
            "name": "Rock Grotto Lantern Chest",
            "access_rules": [
              "cs,shadcrystal,$can_smash,lantern, auru",
              "dcs,shadcrystal,$can_smash,lantern, auru"
            ],
            "item_count": 1
          }
        ],
        "map_locations": [
          {
            "map": "Main",
            "x": 250,
            "y": 635
          }
        ]
      },
      {
        "name": "Gerudo Desert",
        "sections": [
          {
            "name": "3 Freestanding Chest",
            "access_rules": [
              "shadcrystal, auru"
            ],
            "item_count": 3
          }
        ],
        "map_locations": [
          {
            "map": "Main",
            "x": 185,
            "y": 660
          }
        ]
      },
      {
        "name": "Gerudo Desert",
        "sections": [
          {
            "name": "Northeast Chest Behind Gates",
            "access_rules": [
              "shadcrystal, auru"
            ],
            "item_count": 1
          }
        ],
        "map_locations": [
          {
            "map": "Main",
            "x": 200,
            "y": 620
          }
        ]
      },
      {
        "name": "Gerudo Desert",
        "sections": [
          {
            "name": "Northwest Chest Behind Gates",
            "access_rules": [
              "shadcrystal, auru"
            ],
            "item_count": 1
          }
        ],
        "map_locations": [
          {
            "map": "Main",
            "x": 150,
            "y": 620
          }
        ]
      }, 
      {
        "name": "Gerudo Desert",
        "sections": [
          {
            "name": "Male Dayfly",
            "access_rules": [
              "shadcrystal, auru"
            ],
            "item_count": 1,
            "chest_unopened_img": "images/Golden_Bug.png",
            "chest_opened_img": "images/Golden_Bug-grey.png"
          }
        ],
        "map_locations": [
          {
            "map": "Main",
            "x": 273,
            "y": 752
          }
        ]
      },
      {
        "name": "Gerudo Desert",
        "sections": [
          {
            "name": "Female Dayfly",
            "access_rules": [
              "shadcrystal, auru"
            ],
            "item_count": 1,
            "chest_unopened_img": "images/Golden_Bug.png",
            "chest_opened_img": "images/Golden_Bug-grey.png"
          }
        ],
        "map_locations": [
          {
            "map": "Main",
            "x": 218,
            "y": 740
          }
        ]
      }
      
    ]
  }, 
  {
    "name": "Kakariko Village",
    "chest_unopened_img": "images/chest_closed.png",
    "chest_opened_img": "images/chest_open.png",
    "sections": [
      {
        "name": "Hylian Shield",
        "access_rules": [
          ""
        ],
        "item_count": 1
      },
      {
        "name": "Inn Chest",
        "item_count": 1
      },
      {
        "name": "Female Ant",
        "access_rules": [
          ""
        ],
        "item_count": 1,
        "chest_unopened_img": "images/Golden_Bug.png",
        "chest_opened_img": "images/Golden_Bug-grey.png"
      },
      {
        "name": "Barnes Bomb Bag",
        "access_rules": [
          "" 
        ],
        "item_count": 1
      },
      {
        "name": "Watchtower Chest",
        "item_count": 1
      },
      {
        "name": "Watchtower Alcove Chest",
        "access_rules": [
          "$can_smash"
        ],
        "item_count": 1
      },
      {
        "name": "Eldin Spring Underwater Chest",
        "access_rules": [
          "$can_smash, irons"
        ],
        "item_count": 1
      },
      {
        "name": "Bomb Rock Spire Heart Piece",
        "access_rules": [
          "$shoot_pew, boomerang"
        ],
        "item_count": 1
      },       
      {
        "name": "Renado's Letter",
        "access_rules": [
          "shard3"
        ],
        "item_count": 0
      },
      {
        "name": "Horse Call",
        "access_rules": [
          "charm"
        ],
        "item_count": 0
      },
{
        "name": "Archery Heart Piece",
        "access_rules": [
          "mines, bow"
        ],
        "item_count": 1
      },
{
        "name": "Hawkeye",
        "access_rules": [
          "mines"
        ],
        "item_count": 1
      }

    ],
    "map_locations": [
      {
        "map": "Main",
        "x": 964.92,
        "y": 667
      }
    ]
  }
]