﻿[
  // Gale Boomerang
  {
    "name": "Boomerang",
    "type": "toggle",
    "img": "images/boomerang.png",
    "codes": "boomerang,rang"
  },
  // Bow
  {
    "name": "Bow",
    "type": "progressive",
    "stages": [
      {
        "img": "images/bow.png",
        "codes": "bow"
      },
      {
        "img": "images/bowquiver.png",
        "codes": "bow"
      }
    ]
  },
  // Progressive Clawshot
  {
    "name": "Clawshot",
    "type": "progressive",
    "stages": [
      {
        "img": "images/clawshot.png",
        "codes": "clawshot,cs"
      },
      {
        "img": "images/clawshot2.png",
        "codes": "clawshot2,dcs"
      }
    ]
  },
  //Spinner
  {
    "name": "Spinner",
    "type": "toggle",
    "img": "images/spinner.png",
    "codes": "spinner"
  },
  // Ball and Chain
  {
    "name": "Ball and Chain",
    "type": "toggle",
    "img": "images/chainball.png",
    "codes": "chainball"
  },
  // Dominion Rod
  {
    "name": "Dominion Rod",
    "type": "progressive",
	"stages": [
	{
	"img": "images/brokedominion.png",
	"codes": "brokedominion"
	},
	{
    "img": "images/dominion.png",
    "codes": "dominion"
	}
	]
  },
  // Fused Shadow 1
  {
    "name": "Shadow 1",
    "type": "toggle",
    "img": "images/shadow1.png",
    "codes": "oldshad1"
  },
  // Fused Shadow 2
  {
    "name": "Shadow 2",
    "type": "toggle",
    "img": "images/shadow2.png",
    "codes": "oldshad2"
  },
  // Fused Shadow 3
  {
    "name": "Shadow 3",
    "type": "toggle",
    "img": "images/shadow3.png",
    "codes": "oldshad3"
  },
  // Mirror Shard 1
  {
    "name": "Mirror Shard 1",
    "type": "toggle",
    "img": "images/shard1.png",
    "codes": "shard1"
  },
  // Mirror Shard 2
  {
    "name": "Mirror Shard 2",
    "type": "toggle",
    "img": "images/shard2.png",
    "codes": "shard2"
  },
  // Mirror Shard 3
  {
    "name": "Mirror Shard 3",
    "type": "toggle",
    "img": "images/shard3.png",
    "codes": "shard3"
  },
  // Mirror Shard 4
  {
    "name": "Mirror Shard 4",
    "type": "toggle",
    "img": "images/shard4.png",
    "codes": "shard4"
  },

 // Fused Shadow 1 progressive
  {
    "name": "Shadow 1 Progressive",
    "type": "progressive_toggle",
"loop": true,
    "allow_disabled": false,

"stages": [
	  {
	  "img": "images/shadow1_null.png",
	  "codes": "shad1, null"
	  },
      {
	  "img": "images/shadow1_forest.png",
	   "codes": "shad1, forest"
      },
      {
	  "img": "images/shadow1_mines.png",
	   "codes": "shad1, mines"
      },
      {
	  "img": "images/shadow1_lakebed.png",
	   "codes": "shad1, lakebed"
      },
      {
	  "img": "images/shadow1_grounds.png",
	   "codes": "shad1, grounds"
      },
      {
	  "img": "images/shadow1_ruins.png",
	   "codes": "shad1, ruins"
      },
      {
	  "img": "images/shadow1_time.png",
	   "codes": "shad1, time"
      },
      {
	  "img": "images/shadow1_sky.png",
	   "codes": "shad1, sky"
      }
    ] 


  },

 // Fused Shadow 2 progressive
  {
    "name": "Shadow 2 Progressive",
    "type": "progressive_toggle",
"loop": true,
    "allow_disabled": false,

"stages": [
	  {
	  "img": "images/shadow2_null.png",
	  "codes": "shad2, null"
	  },
      {
	  "img": "images/shadow2_forest.png",
	   "codes": "shad2, forest"
      },
      {
	  "img": "images/shadow2_mines.png",
	   "codes": "shad2, mines"
      },
      {
	  "img": "images/shadow2_lakebed.png",
	   "codes": "shad2, lakebed"
      },
      {
	  "img": "images/shadow2_grounds.png",
	   "codes": "shad2, grounds"
      },
      {
	  "img": "images/shadow2_ruins.png",
	   "codes": "shad2, ruins"
      },
      {
	  "img": "images/shadow2_time.png",
	   "codes": "shad2, time"
      },
      {
	  "img": "images/shadow2_sky.png",
	   "codes": "shad2, sky"
      }
    ]
  },

 // Fused Shadow 3 progressive
  {
    "name": "Shadow 3 Progressive",
    "type": "progressive_toggle",
"loop": true,
    "allow_disabled": false,

"stages": [
	  {
	  "img": "images/shadow3_null.png",
	  "codes": "shad3, null"
	  },
      {
	  "img": "images/shadow3_forest.png",
	   "codes": "shad3, forest"
      },
      {
	  "img": "images/shadow3_mines.png",
	   "codes": "shad3, mines"
      },
      {
	  "img": "images/shadow3_lakebed.png",
	   "codes": "shad3, lakebed"
      },
      {
	  "img": "images/shadow3_grounds.png",
	   "codes": "shad3, grounds"
      },
      {
	  "img": "images/shadow3_ruins.png",
	   "codes": "shad3, ruins"
      },
      {
	  "img": "images/shadow3_time.png",
	   "codes": "shad3, time"
      },
      {
	  "img": "images/shadow3_sky.png",
	   "codes": "shad3, sky"
      }
    ]
  },
  {
    "name": "Forest Big Key",
    "type": "toggle",
    "img": "images/bosskey.png",
    "codes": "Forest_Temple_Big_Key"
  },
  {
    "name": "Forest Small Key",
    "type": "consumable",
    "img": "images/smallkey.png",
    "codes": "Forest_Temple_Small_Key",
    "max_quantity": 4
  },
  {
    "name": "Mines Big Key",
    "type": "consumable",
    "img": "images/mineskey2.png",
    "codes": "Goron_Mines_Big_Key",
    "max_quantity": 3
  },
  {
    "name": "Mines Small Key",
    "type": "consumable",
    "img": "images/smallkey.png",
    "codes": "Goron_Mines_Small_Key",
    "max_quantity": 2
  },
  {
    "name": "Lakebed Big Key",
    "type": "toggle",
    "img": "images/bosskey.png",
    "codes": "Lakebed_Temple_Big_Key"
  },
  {
    "name": "Lakebed Small Key",
    "type": "consumable",
    "img": "images/smallkey.png",
    "codes": "Lakebed_Temple_Small_Key",
    "max_quantity": 3
  },
  {
    "name": "Arbiters Big Key",
    "type": "toggle",
    "img": "images/bosskey.png",
    "codes": "Arbiters_Grounds_Big_Key"
  },
  {
    "name": "Arbiters Small Key",
    "type": "consumable",
    "img": "images/smallkey.png",
    "codes": "Arbiters_Grounds_Small_Key",
    "max_quantity": 5
  },
  {
    "name": "Snowpeak Bedroom Key",
    "type": "toggle",
    "img": "images/bedroomkey.png",
    "codes": "Snowpeak_Ruins_Bedroom_Key"
  },
  {
    "name": "Snowpeak Small Key",
    "type": "consumable",
    "img": "images/smallkey.png",
    "codes": "Snowpeak_Ruins_Small_Key",
    "max_quantity": 4
  },
  {
    "name": "Ordon Pumpkin",
    "type": "toggle",
    "img": "images/pumpkin2.png",
    "codes": "Ordon_Pumpkin"
  },
  {
    "name": "Ordon Goat Cheese",
    "type": "toggle",
    "img": "images/cheese2.png",
    "codes": "Ordon_Goat_Cheese"
  },
  {
    "name": "Temple of Time Big Key",
    "type": "toggle",
    "img": "images/bosskey.png",
    "codes": "Temple_of_Time_Big_Key"
  },
  {
    "name": "Temple of Time Small Key",
    "type": "consumable",
    "img": "images/smallkey.png",
    "codes": "Temple_of_Time_Small_Key",
    "max_quantity": 3
  },
  {
    "name": "City in The Sky Big Key",
    "type": "toggle",
    "img": "images/bosskey.png",
    "codes": "City_in_The_Sky_Big_Key"
  },
  {
    "name": "City in The Sky Small Key",
    "type": "consumable",
    "img": "images/smallkey.png",
    "codes": "City_in_The_Sky_Small_Key",
    "max_quantity": 1
  },
  {
    "name": "Palace of Twilight Big Key",
    "type": "toggle",
    "img": "images/bosskey.png",
    "codes": "Palace_of_Twilight_Big_Key"
  },
  {
    "name": "Palace of Twilight Small Key",
    "type": "consumable",
    "img": "images/smallkey.png",
    "codes": "Palace_of_Twilight_Small_Key",
    "max_quantity": 7
  },
  {
    "name": "Hyrule Castle Big Key",
    "type": "toggle",
    "img": "images/bosskey.png",
    "codes": "Hyrule_Castle_Big_Key"
  },
  {
    "name": "Hyrule Castle Small Key",
    "type": "consumable",
    "img": "images/smallkey.png",
    "codes": "Hyrule_Castle_Small_Key",
    "max_quantity": 3
  },
  {
    "name": "Diababa",
    "type": "static",
    "img": "images/forest-1.png",
    "codes": "Diababa"
  },
  {
    "name": "Fyrus",
    "type": "static",
    "img": "images/mines-1.png",
    "codes": "Fyrus"
  },
  {
    "name": "Morpheel",
    "type": "static",
    "img": "images/lakebed-1.png",
    "codes": "Morpheel"
  },
  {
    "name": "Stallord",
    "type": "static",
    "img": "images/arbiters-1.png",
    "codes": "Stallord"
  },
  {
    "name": "Blizzeta",
    "type": "static",
    "img": "images/snowpeak-1.png",
    "codes": "Blizzeta"
  },
  {
    "name": "Armogohma",
    "type": "static",
    "img": "images/time-1.png",
    "codes": "Armogohma"
  },
  {
    "name": "Argorok",
    "type": "static",
    "img": "images/city-1.png",
    "codes": "Argorok"
  },
  {
    "name": "Zant",
    "type": "static",
    "img": "images/palace-1.png",
    "codes": "Zant"
  },
  {
    "name": "Ganondorf",
    "type": "static",
    "img": "images/hyrule-1.png",
    "codes": "Ganondorf"
  }
  

]


