﻿[
  // Progressive Wallet HD
  {
    "name": "Wallet",
    "type": "progressive",
    "allow_disabled": false,
    "stages": [
      {
        "img": "images/wallet.png",
        "codes": "wallethd"
      },
      {
        "img": "images/bigwallet.png"
      },
      {
        "img": "images/giantwallet.png"
      },
      {
        "img": "images/colossalwallet.png"
      }
    ]
  },
  // Bombs 1
  {
    "name": "Bombs",
    "type": "progressive",
    "allow_disabled": false,
    "stages": [
      {
        "img": "images/bombbag.png",
        "img_mods": "@disabled",
        "codes": "bombs1,bombbag1,bomb1"
      },
      {
        "img": "images/bombbag.png"
      },
      {
        "img": "images/bomb.png"
      },
      {
        "img": "images/bomb-water.png"
      },
      {
        "img": "images/bombling.png"
      }
    ]
  },
  // Bombs 2
  {
    "name": "Bombs",
    "type": "progressive",
    "allow_disabled": false,
    "stages": [
      {
        "img": "images/bombbag.png",
        "img_mods": "@disabled",
        "codes": "bombs2,bombbag2,bomb2"
      },
      {
        "img": "images/bombbag.png"
      },
      {
        "img": "images/bomb.png"
      },
      {
        "img": "images/bomb-water.png"
      },
      {
        "img": "images/bombling.png"
      }
    ]
  },
  // Bombs 3
  {
    "name": "Bombs",
    "type": "progressive",
    "allow_disabled": false,
    "stages": [
      {
        "img": "images/giantbombbag.png",
        "img_mods": "@disabled",
        "codes": "bombs3,bombbag3,bomb3"
      },
      {
        "img": "images/giantbombbag.png"
      },
      {
        "img": "images/GiantBombs2.png"
      },
      {
        "img": "images/GiantBombs3.png"
      },
      {
        "img": "images/GiantBombs4.png"
      }
    ]
  },
  // Slingshot
  {
    "name": "Slingshot",
    "type": "progressive",
    "allow_disabled": false,
    "stages": [
      {
        "img": "images/slingshot.png",
        "img_mods": "@disabled"
      },
      {
        "img": "images/slingshot.png",
        "codes": "slingshot,sling,ss"
      }
    ]
  },
  // Fishing Rod
  {
    "name": "Fishing Rod",
    "type": "progressive",
    "allow_disabled": false,
    "stages": [
      {
        "img": "images/rod.png",
        "img_mods": "@disabled"
      },
      {
        "img": "images/rod.png",
        "codes": "rod"
      },
      {
        "img": "images/earring.png"
      }
    ]
  },
  // Items From Four Friends
  {
    "name": "Temple Entry",
    "type": "progressive",
    "allow_disabled": false,
    "stages": [
      {
        "img": "images/memo.png",
        "img_mods": "@disabled"
      },
      {
        "img": "images/memo.png",
        "codes": "entry"
      },
      {
        "img": "images/sketch.png",
        "codes": "entry"
      },
      {
        "img": "images/golden.png",
        "codes": "entry"
      }
    ]
  },

  // Scents
  {
    "name": "Scents",
    "type": "progressive",
    "stages": [
      {
        "img": "images/youth-scent.png",
        "codes": "scent1"
      },
      {
        "img": "images/ilia-scent.png",
        "codes": "scent2"
      },
      {
        "img": "images/poe-scent.png",
        "codes": "scent3"
      },
      {
        "img": "images/reekfish-scent.png",
        "codes": "scent4"
      },
      {
        "img": "images/medicine-scent.png",
        "codes": "scent5"
      }
    ]
  },
  // Ilia's Memory Sidequest
  {
    "name": "Ilia's Memory",
    "type": "progressive",
    "allow_disabled": false,
    "stages": [
      {
        "img": "images/letter.png",
        "img_mods": "@disabled",
        "codes": "charm"
      },
      {
        "img": "images/letter.png",
        "codes": "letter"
      },
      {
        "img": "images/invoice.png",
        "codes": "invoice"
      },
      {
        "img": "images/statue.png",
        "codes": "statue"
      },
      {
        "img": "images/ilia-charm.png",
        "codes": "charm"
      }
    ]
  },
  // Bottle 1
  {
    "name": "Bottle 1",
    "type": "progressive",
    "stages": [
      {
        "img": "images/bottle-empty.png",
        "codes": "bottle,bottle1",
        "inherit_codes": false
      },
      {
        "img": "images/bottle-fairy.png",
        "codes": "bottle,bottle1",
        "inherit_codes": false
      },
      {
        "img": "images/bottle-tears.png",
        "codes": "bottle,bottle1",
        "inherit_codes": false
      },
      {
        "img": "images/bottle-soup.png",
        "codes": "bottle,bottle1",
        "inherit_codes": false
      },
      {
        "img": "images/bottle-red.png",
        "codes": "bottle,bottle1,redpot1,redpotion1",
        "inherit_codes": false
      },
      {
        "img": "images/bottle-blue.png",
        "codes": "bottle,bottle1,bluepot1,bluepotion1",
        "inherit_codes": false
      },
      {
        "img": "images/bottle-milk.png",
        "codes": "bottle,bottle1",
        "inherit_codes": false
      },
      {
        "img": "images/bottle-oil.png",
        "codes": "bottle,bottle1",
        "inherit_codes": false
      },
      {
        "img": "images/bottle-larvae.png",
        "codes": "bottle,bottle1",
        "inherit_codes": false
      }
    ]
  },
  {
    "name": "Bottle 2",
    "type": "progressive",
    "stages": [
      {
        "img": "images/bottle-empty.png",
        "codes": "bottle,bottle2",
        "inherit_codes": false
      },
      {
        "img": "images/bottle-fairy.png",
        "codes": "bottle,bottle2",
        "inherit_codes": false
      },
      {
        "img": "images/bottle-tears.png",
        "codes": "bottle,bottle2",
        "inherit_codes": false
      },
      {
        "img": "images/bottle-soup.png",
        "codes": "bottle,bottle2",
        "inherit_codes": false
      },
      {
        "img": "images/bottle-red.png",
        "codes": "bottle,bottle2,redpot2,redpotion2",
        "inherit_codes": false
      },
      {
        "img": "images/bottle-blue.png",
        "codes": "bottle,bottle2,bluepot2,bluepotion2",
        "inherit_codes": false
      },
      {
        "img": "images/bottle-milk.png",
        "codes": "bottle,bottle2",
        "inherit_codes": false
      },
      {
        "img": "images/bottle-oil.png",
        "codes": "bottle,bottle2",
        "inherit_codes": false
      },
      {
        "img": "images/bottle-larvae.png",
        "codes": "bottle,bottle2",
        "inherit_codes": false
      }
    ]
  },
  {
    "name": "Bottle 3",
    "type": "progressive",
    "stages": [
      {
        "img": "images/bottle-empty.png",
        "codes": "bottle,bottle3",
        "inherit_codes": false
      },
      {
        "img": "images/bottle-fairy.png",
        "codes": "bottle,bottle3",
        "inherit_codes": false
      },
      {
        "img": "images/bottle-tears.png",
        "codes": "bottle,bottle3",
        "inherit_codes": false
      },
      {
        "img": "images/bottle-soup.png",
        "codes": "bottle,bottle3",
        "inherit_codes": false
      },
      {
        "img": "images/bottle-red.png",
        "codes": "bottle,bottle3,redpot3,redpotion3",
        "inherit_codes": false
      },
      {
        "img": "images/bottle-blue.png",
        "codes": "bottle,bottle3,bluepot3,bluepotion3",
        "inherit_codes": false
      },
      {
        "img": "images/bottle-milk.png",
        "codes": "bottle,bottle3",
        "inherit_codes": false
      },
      {
        "img": "images/bottle-oil.png",
        "codes": "bottle,bottle3",
        "inherit_codes": false
      },
      {
        "img": "images/bottle-larvae.png",
        "codes": "bottle,bottle3",
        "inherit_codes": false
      }
    ]
  },
  {
    "name": "Bottle 4",
    "type": "progressive",
    "stages": [
      {
        "img": "images/bottle-empty.png",
        "codes": "bottle,bottle4",
        "inherit_codes": false
      },
      {
        "img": "images/bottle-fairy.png",
        "codes": "bottle,bottle4",
        "inherit_codes": false
      },
      {
        "img": "images/bottle-tears.png",
        "codes": "bottle,bottle4",
        "inherit_codes": false
      },
      {
        "img": "images/bottle-soup.png",
        "codes": "bottle,bottle4",
        "inherit_codes": false
      },
      {
        "img": "images/bottle-red.png",
        "codes": "bottle,bottle4,redpot4,redpotion4",
        "inherit_codes": false
      },
      {
        "img": "images/bottle-blue.png",
        "codes": "bottle,bottle4,bluepot4,bluepotion4",
        "inherit_codes": false
      },
      {
        "img": "images/bottle-milk.png",
        "codes": "bottle,bottle4",
        "inherit_codes": false
      },
      {
        "img": "images/bottle-oil.png",
        "codes": "bottle,bottle4",
        "inherit_codes": false
      },
      {
        "img": "images/bottle-larvae.png",
        "codes": "bottle,bottle4",
        "inherit_codes": false
      }
    ]
  },
  // Hawkeye
  {
    "name": "Hawkeye",
    "type": "toggle",
    "img": "images/hawkeye.png",
    "codes": "hawkeye"
  },
  // lantern
  {
    "name": "lantern",
    "type": "toggle",
    "img": "images/lantern.png",
    "codes": "lantern"
  },
  // Golden Bugs
  {
    "name": "Golden Bugs",
    "type": "consumable",
    "img": "images/m-dragonfly.png",
    "codes": "bugs",
    "max_quantity": 24
  },
  // Hidden Skills
  {
    "name": "Hidden Skills",
    "type": "consumable",
    "img": "images/hiddenskill.png",
    "max_quantity": 7,
    "codes": "skills"
  },
  // Hero Tunic
  {
    "name": "Hero's Tunic",
    "type": "static",
    "img": "images/herotunic.png",
    "codes": "greentunic"
  },
  // Goron Tunic
  {
    "name": "Magic Armor",
    "type": "toggle",
    "img": "images/magic-armor.png",
    "codes": "gorontunic,redtunic"
  },
  // Zora Tunic
  {
    "name": "Zora Armor",
    "type": "toggle",
    "img": "images/zora-armor.png",
    "codes": "zoratunic,bluetunic"
  },
  // Iron Boots
  {
    "name": "Iron Boots",
    "type": "toggle",
    "img": "images/iron-boots.png",
    "codes": "ironboots,iboots,iron,irons"
  },
  // Progressive Wallet
  {
    "name": "Wallet",
    "type": "progressive",
    "allow_disabled": false,
    "stages": [
      {
        "img": "images/wallet.png",
        "codes": "wallet"
      },
      {
        "img": "images/bigwallet.png"
      },
      {
        "img": "images/giantwallet.png"
      }
    ]
  },
  // Heart Pieces
  {
    "name": "Heart Pieces",
    "type": "consumable",
    "img": "images/HP.png",
    "codes": "heartpiece,poh,pieceofheart,piece",
    "max_quantity": 45
  },
  // Heart Container
  {
    "name": "Heart Container",
    "type": "consumable",
    "img": "images/HC.png",
    "codes": "heartcontainer,container,HC",
    "max_quantity": 8
  },
  // Skybook Letters
  {
    "name": "Letters",
    "type": "consumable",
    "img": "images/skybook.png",
    "codes": "letters",
    "max_quantity": 7
  },
  // Wooden Sword
  {
    "name": "Wooden Sword",
    "type": "toggle",
    "img": "images/wooden-sword.png",
    "codes": "sword1"
  },
  // Master Sword
  {
    "name": "Master Sword",
    "type": "progressive",
    "stages": [
      {
        "img": "images/master-sword.png",
        "codes": "sword3,mastersword,ms"
      },
      {
        "img": "images/master-sword-light.png"
      }
    ]
  },
  // Ordon Sword
  {
    "name": "Ordon Sword",
    "type": "toggle",
    "img": "images/ordon-sword.png",
    "codes": "sword2"
  },
  // Wooden Shield
  {
    "name": "Wooden Shield",
    "type": "toggle",
    "img": "images/wooden-shield.png",
    "codes": "shield1"
  },
  // Wooden Shield
  {
    "name": "Ordon Shield",
    "type": "progressive",
    "stages": [
      {
        "img": "images/ordon-shield.png",
        "codes": "shield2"
      },
      {
        "img": "images/wooden-shield.png",
        "codes": "shield2"
      }
    ]
  },
  // Hylian Shield
  {
    "name": "Hylian Shield",
    "type": "toggle",
    "img": "images/hylian-shield.png",
    "codes": "shield3,hylianshield"
  },
  // Poe Souls
  {
    "name": "Poe Souls",
    "type": "consumable",
    "img": "images/soul.png",
    "codes": "soul",
    "max_quantity": 60
  }
]