{
  "tracker_broadcast": {
    "type": "array",
    "background": "#000000",
    "margin": "10",
    "content": [
      {
        "type": "array",
        "orientation": "horizontal",
        "content": [
          {
            "type": "array",
            "orientation": "vertical",
            "content": [
              {
                "type": "array",
                "orientation": "horizontal",
                "content": [
                  {
                    "type": "array",
                    "orientation": "vertical",
                    "content": [
                      {
                        "type": "itemgrid",
                        "h_alignment": "center",
                        "item_size": 36,
                        "item_margin": "0,0,10,5",
                        "rows": [
                          [ "rod", "slingshot", "lantern", "boomerang", "irons",          ],
                          [ "bow", "bomb1", "clawshot", "spinner", "chainball"            ],
                          [ "brokedominion", "letters1", "sword1", "skills", "bluetunic"  ],
                          [ "shadcrystal", "gate", "auru", "ashei","soul"                 ]
                        ]
                      },
                      {
                        "type": "itemgrid",
                        "h_alignment": "center",
                        "item_margin": "0,0,10,5",
                        "item_height": 50,
                        "item_width": 36,
                        "margin": "0,0",
                        "rows": [
                          [ "shard1", "shard2", "shard3", "shard4" ]
                        ]
                      }
                    ]
                  },
                  {
                    "type": "array",
                    "orientation": "vertical",
                    "content": [
                      {
                        "type": "array",
                        "orientation": "vertical",
                        "content": [
                          {
                            "type": "itemgrid",
                            "h_alignment": "center",
                            "item_margin": "0,20",
                            "item_height": 50,
                            "item_width": 36,
                            "margin": "0,3",
                            "badge_font_size": 10,
                            "rows": [
                              [ "shad1" ],
                              [ "shad2" ],
                              [ "shad3" ]
                            ]
                          }
                        ]
                      }
                    ]
                  }
                ]
              }
            ]
          }
        ]
      }
    ]
  }
}