{
  "tracker_capture_item": {
    "type": "container",
    "content": {
      "type": "itemgrid",
      "h_alignment": "center",
      "item_margin": "0,0,10,5",
      "rows": [
        [ "rod", "slingshot", "lantern", "boomerang", "irons",          ],
        [ "bow", "bomb1", "clawshot", "spinner", "chainball"            ],
        [ "brokedominion", "letters1", "sword1", "skills", "bluetunic"  ],
        [ "shadcrystal", "gate", "auru", "ashei","soul"                 ]
      ]
    }
  }
}