{
  "item_grid_tall": {
    "type": "array",
    "orientation": "vertical",
    "content": [
      {
        "type": "itemgrid",
        "h_alignment": "left",
        "item_size": 50,
        "item_margin": "0,0,10,5",
        "rows": [
          [ "rod", "slingshot", "lantern", "boomerang", "irons"           ],
          [ "bow", "bomb1", "clawshot", "spinner", "chainball"            ],
          [ "brokedominion", "letters1", "sword1", "skills", "bluetunic"  ],
          [ "shadcrystal", "gate", "auru", "ashei","soul"                 ]
        ]
      },
      {
        "type": "array",
        "orientation": "vertical",
        "content": [
          {
            "type": "array",
            "orientation": "vertical",
            "content": [
              {
                "type": "itemgrid",
                "h_alignment": "center",
                "item_margin": "0,0,10,5",
                "item_height": 100,
                "item_width": 80,
                "margin": "0,3",
                "badge_font_size": 10,
                "rows": [
                  [ "shad1", "shad2", "shad3" ]
                ]
              }
            ]
          }
        ]
      },
      {
        "type": "layout",
        "key": "dungeon_grid_tall"
      }
    ]
  }
}