{
  "tracker_right_map": 
  {
    "type": "container",
    "background": "#282828",
    "content": 
    {
      "type": "dock",
      "dropshadow": false,
      "content": 
      [
        {
          "type": "dock",
          "dock": "left",
          "v_alignment": "stretch",
          "margin": "0,0,3,0",
          "content": 
          [
            {
              "type": "group",
              "header": "Items",
              "dock": "top",
              "content": 
              {
                "type": "layout",
                "key": "item_grid_tall"
              }
            }
          ]
        },
        {
          "type": "dock",
          "content": [
            {
              "type": "tabbed",
              "dock": "top",
              "tabs": [
                {
                  "title": "Main",
                  "icon": "images/master-sword.png",
                  "content": {
                    "type": "map",
                    "maps": [
                      "Main"
                    ]
                  }
                },
                {
                  "title": "Poes",
                  "icon": "images/soul.png",
                  "content": {
                    "type": "map",
                    "maps": [
                      "Poes"
                    ]
                  }
                },
                /*{
                  "title": "Golden Bugs",
                  "icon": "images/m-dragonfly.png",
                  "content": {
                    "type": "map",
                    "maps": [
                      "Golden Bugs"
                    ]
                  }
                },*/
                /*{
                  "title": "Shops",
                  "icon": "images/wallet.png",
                  "content": {
                    "type": "map",
                    "maps": [
                      "Shops"
                    ]
                  }
                }*/
                {
                  "title": "Forest",
                  "icon": "images/boomerang.png",
                  "content": {
                    "type": "map",
                    "maps": [
                      "Forest"
                    ]
                  }
                },
                {
                  "title": "Goron mines",
                  "icon": "images/bow.png",
                  "content": {
                    "type": "map",
                    "maps": [
                      "Goron mines"
                    ]
                  }
                },
                {
                  "title": "Lakebed",
                  "icon": "images/zora-armor.png",
                  "content": {
                    "type": "map",
                    "maps": [
                      "Lakebed"
                    ]
                  }
                },
                {
                  "title": "Arbiter's ground",
                  "icon": "images/spinner.png",
                  "content": {
                    "type": "map",
                    "maps": [
                      "Arbiter's ground"
                    ]
                  }
                },
                {
                  "title": "Snowpeak ruins",
                  "icon": "images/chainball.png",
                  "content": {
                    "type": "map",
                    "maps": [
                      "Snowpeak ruins"
                    ]
                  }
                },
                {
                  "title": "Temple of time",
                  "icon": "images/dominion.png",
                  "content": {
                    "type": "map",
                    "maps": [
                      "Temple of time"
                    ]
                  }
                },
                {
                  "title": "City in the sky",
                  "icon": "images/ooccoo-jr.png",
                  "content": {
                    "type": "map",
                    "maps": [
                      "City in the sky"
                    ]
                  }
                },
                {
                  "title": "Hyrule castle",
                  "icon": "images/shad-crystal.png",
                  "content": {
                    "type": "map",
                    "maps": [
                      "Hyrule castle"
                    ]
                  }
                }
              ]
            }
          ]
        },
        {
          "type": "dock",
          "content": [
            {
              "type": "group",
              "dock": "bottom",
              "header": "Pinned Locations",
              "content": {
                "type": "recentpins",
                "style": "wrap",
                "h_alignment": "stretch",
                "v_alignment": "stretch",
                "orientation": "horizontal",
                "compact": true
              }
            }
          ]
        }
      ]
    }
  }
}